first_name,last_name,email,gender
Niki,Joutapavicius,njoutapavicius0@feedburner.com,Female
Pepillo,Bougourd,pbougourd1@tinypic.com,Male
Raviv,McSkeagan,rmcskeagan2@cnet.com,Male
Athena,Coulman,acoulman3@simplemachines.org,Female
Bryana,Manilow,bmanilow4@gmpg.org,Female
Marylee,Deaconson,mdeaconson5@symantec.com,Bigender
Sunshine,Chuck,schuck6@unblog.fr,Female
Fredric,Trunkfield,ftrunkfield7@sakura.ne.jp,Male
Royall,Steketee,rsteketee8@opensource.org,Male
Dot,Baddiley,dbaddiley9@pen.io,Female
